Face Changed,Unknown,2025-03-02 18:36:51
Face Changed,Nitin,2025-03-02 18:36:59
Face Changed,Unknown,2025-03-02 18:37:01
Face Changed,Nitin,2025-03-02 18:37:03
Face Changed,Unknown,2025-03-02 18:37:05
Log In,Nitin,2025-03-02 18:37:10
Face Changed,Nitin,2025-03-02 18:37:10
Face Changed,Unknown,2025-03-02 18:37:15
Face Changed,Nitin,2025-03-02 18:37:15
Face Changed,Unknown,2025-03-02 18:37:18
Face Changed,Nitin,2025-03-02 18:37:18
Face Changed,Unknown,2025-03-02 18:37:20
Face Changed,Nitin,2025-03-02 18:37:28
Face Changed,Unknown,2025-03-02 18:37:29
Log Out,Nitin,2025-03-02 18:37:37
Face Changed,Nitin,2025-03-02 18:38:08
Face Changed,Unknown,2025-03-02 18:38:11
Face Changed,Nitin,2025-03-02 18:38:11
Face Changed,Unknown,2025-03-02 18:38:13
Face Changed,Nitin,2025-03-02 18:38:15
Face Changed,Unknown,2025-03-02 18:38:18
Face Changed,Nitin,2025-03-02 18:38:30
Face Changed,Unknown,2025-03-02 18:38:31
Face Changed,Nitin,2025-03-02 18:38:32
Face Changed,Unknown,2025-03-02 18:38:34
Face Changed,Unknown,2025-03-02 19:07:45
Face Changed,Unknown,2025-03-02 22:35:28
Face Changed,Nitin,2025-03-02 22:35:30
Face Changed,Unknown,2025-03-02 22:35:40
Face Changed,Nitin,2025-03-02 22:35:41
Face Changed,Unknown,2025-03-02 22:35:42
Log In,Nitin,2025-03-02 22:36:08
